ID,q_cfs_no_da
5781289,49.5569607238006
5781881,49.5569607238006
