{"models": {"SHL": {"model": {"name": "SHL", "datetime": "2024-12-31T23:58:00+00:00", "timedelta": "P0DT0H2M0S", "reach_ids": ["5781289", "5781881"], "startnodes": [0, 1], "endnodes": [1, 1], "K": [4380.558819817722, 80.1], "X": [0.25, 0.25], "o_t": [0.0, 0.0], "dx": [9286.784698013571, 103.13143369833999], "paths": [[[[-176101.7876999993, 803922.7399000004], [-176025.91190000065, 803911.0579000004], [-175868.6908999998, 803907.9671999998], [-175445.30650000088, 803764.7405000003], [-175294.6088999994, 803687.9644999998], [-175232.3588999994, 803628.1937999995], [-175137.2996999994, 803560.1527000004], [-174984.4815999996, 803333.1616000002], [-174878.06530000083, 803196.1579], [-174854.60510000028, 803098.9874999998], [-174844.7572000008, 803083.5165999997], [-174842.77759999968, 803055.4760999996], [-174818.53060000017, 802999.0065000001], [-174766.4134999998, 802939.4340000004], [-174731.2134000007, 802923.4778000005], [-174677.91369999945, 802924.9674000004], [-174634.49799999967, 802939.3964999998], [-174532.81020000018, 802950.1196999997], [-174500.14509999938, 802934.2054000003], [-174468.03390000015, 802890.3217000002], [-174403.40300000086, 802822.8711000001], [-174275.32320000045, 802756.7193], [-174252.94349999912, 802733.3761999998], [-174244.6936000008, 802636.4840000002], [-174216.7566999998, 802508.6743000001], [-174206.77410000004, 802500.8426999999], [-174150.13770000078, 802283.3706], [-174108.93239999935, 802185.8505999995], [-174027.7843999993, 802054.4511000002], [-174001.19459999911, 801987.7522999998], [-173989.91410000063, 801916.2589999996], [-173948.7053999994, 801818.733], [-173901.4592000004, 801769.4402999999], [-173816.39919999987, 801709.2399000004], [-173794.11260000058, 801680.8063000003], [-173775.72699999996, 801583.7236000001], [-173743.3655999992, 801552.5440999996], [-173713.0231999997, 801546.8578000003], [-173676.8772, 801579.2286], [-173650.7701999992, 801616.8918000003], [-173625.15369999968, 801629.1244000001], [-173599.79869999923, 801628.6199000003], [-173570.11710000038, 801589.8733000001], [-173513.1395999994, 801390.2240000004], [-173491.16059999913, 801346.5303999996], [-173448.24939999916, 801205.6997999996], [-173439.11229999922, 801154.6096999999], [-173420.1224000007, 801088.0582999997], [-173403.2684000004, 801041.9156], [-173376.27789999917, 800995.5656000003], [-173352.4154000003, 800918.7417000001], [-173318.4997000005, 800836.6332999999], [-173274.34390000068, 800759.4024], [-173259.93400000036, 800718.4005000005], [-173254.6118999999, 800601.2231000001], [-173247.86390000023, 800557.8198999995], [-173198.24149999954, 800500.8612000002], [-173170.5887000002, 800487.5947000002], [-173094.76139999926, 800473.3776000002], [-172993.32169999927, 800471.3881000001], [-172924.4495000001, 800490.3916999996], [-172860.20240000077, 800532.4128999999], [-172783.4763999991, 800563.9885], [-172539.1155999992, 800605.0108000003], [-172354.3864999991, 800581.0422], [-172323.81269999966, 800588.0833999999], [-172292.87109999917, 800612.9166000001], [-172276.81430000067, 800655.8811999997], [-172272.63639999926, 800739.7835999997], [-172289.3462000005, 800793.5619000001], [-172295.2566999998, 800880.2093000002], [-172284.06670000032, 800933.4537000004], [-172252.54360000044, 800988.8317], [-172171.8320000004, 801094.1464999998], [-172102.4129000008, 801141.1475], [-171969.74149999954, 801179.2571], [-171776.65960000083, 801193.2944999998], [-171673.2379999999, 801163.2732999995], [-171600.39330000058, 801126.2170000002], [-171570.51060000062, 801097.6464999998], [-171527.3541000001, 800839.7302000001], [-171479.36429999955, 800698.8079000004], [-171451.87250000052, 800677.9014999997], [-171398.86030000076, 800664.1343999999], [-171345.56110000052, 800665.6436999999], [-171304.25329999998, 800703.0126999998], [-171280.72479999997, 800738.176], [-171277.64460000023, 800766.1193000004], [-171238.80629999936, 800806.0818999996], [-171210.5599000007, 800823.3508000001], [-171050.50359999947, 800835.4908999996], [-170964.91469999962, 800800.7331999997], [-170939.55739999935, 800800.2361000003], [-170906.2402999997, 800817.3962000003], [-170856.96880000085, 800872.4316999996], [-170825.69239999913, 800915.0845999997], [-170781.88069999963, 800949.8548999997], [-170695.06409999914, 800978.7050999999], [-170654.02659999952, 801000.8081999999], [-170632.8942000009, 801043.6661999999], [-170647.5658999998, 801071.9418000001], [-170734.3811000008, 801172.9024999999], [-170733.78409999982, 801203.4469999997], [-170713.30890000053, 801213.2220999999], [-170657.41090000048, 801217.2188999997], [-170613.9531999994, 801234.1904999996], [-170417.05150000006, 801444.1284999996]]], [[[-170417.05150000006, 801444.1284999996], [-170407.9297000002, 801439.7083999999], [-170325.6587000005, 801483.0625]]]]}, "sinks": [], "sources": []}}, "connections": {}}