{"models": {"SHL": {"model": {"name": "SHL", "datetime": "2024-12-31T23:58:00+00:00", "timedelta": "P0DT0H2M0S", "reach_ids": ["5781313", "5781703", "5781223", "5781221"], "startnodes": [0, 1, 2, 3], "endnodes": [0, 0, 0, 3], "K": [4752.914863580636, 3691.4607094298617, 3861.300405227366, 1604.2974835848984], "X": [0.25, 0.25, 0.25, 0.25], "o_t": [0.0, 0.0, 0.0, 0.0], "dx": [10076.17951079095, 7825.896703991307, 8185.956859082016, 3401.110665199985], "paths": [[[[-164305.0485999994, 808328.6475], [-164325.86209999956, 808298.4627999999], [-164407.49569999985, 808124.2406000001], [-164425.6054999996, 808104.1891000001], [-164514.7193, 807937.7301000003], [-164606.45560000092, 807766.2253999999], [-164749.89100000076, 807539.6244000001], [-164833.66559999995, 807388.3496000003], [-165010.3122000005, 807147.0416000001], [-165127.91740000062, 807093.0795999998], [-165169.15350000001, 807055.6108999997], [-165355.9581000004, 806814.4874999998], [-165413.62920000032, 806706.0412999997], [-165425.4026999995, 806612.0685999999], [-165517.71780000068, 806407.4891999997], [-165549.8593000006, 806308.7777000004], [-165551.66929999925, 806204.4512], [-165544.37670000084, 806186.5109999999], [-165553.69739999995, 806087.4006000003], [-165585.3515000008, 806016.6771999998], [-165637.0929000005, 805811.4019999998], [-165708.38409999944, 805649.7396], [-165773.4849999994, 805551.5919000003], [-165884.22140000015, 805309.1629999997], [-165900.62670000084, 805240.7337999996], [-165899.19129999913, 805177.0672000004], [-165903.84420000017, 805054.9798999997], [-165874.0186999999, 805018.8300999999], [-165637.49719999917, 804907.8514999999], [-165597.49799999967, 804874.0652000001], [-165565.1886, 804835.3244000003], [-165566.46360000037, 804761.5339000002], [-165604.51909999922, 804614.5756000001], [-165605.61620000005, 804550.9556999998], [-165574.62659999914, 804435.8864000002], [-165559.47240000032, 804285.4533000002], [-165636.9508999996, 804205.3536999999], [-165721.9098000005, 804133.0022], [-165784.04930000007, 804060.2664999999], [-165820.56320000067, 804002.3553999998], [-165886.2717000004, 803723.5236999998], [-165910.05330000073, 803667.9362000003], [-165921.68950000033, 803581.6008000001], [-165934.98680000007, 803546.1990999999], [-166016.11610000022, 803402.5169000002], [-166054.16449999996, 803255.5640000002], [-166088.23409999907, 803192.5236], [-166142.37959999964, 803142.5543999998], [-166260.21700000018, 803075.8647999996], [-166352.12629999965, 803041.8372999998], [-166461.61030000076, 803018.2748999996], [-166497.59469999932, 802990.8921999997], [-166528.8543999996, 802943.0844], [-166584.35400000028, 802814.2303999998], [-166593.1498000007, 802745.6667999998], [-166555.0848999992, 802599.9274000004], [-166558.59669999965, 802544.0099], [-166623.48919999972, 802458.5899999999], [-166622.05120000057, 802394.9340000004], [-166548.08410000056, 802271.4851000002], [-166523.87930000015, 802204.8965999996], [-166535.03130000085, 802146.5497000003], [-166579.24349999987, 802083.6901000002], [-166582.07829999924, 802065.9280000003], [-166610.59970000014, 802030.7764999997], [-166665.46780000068, 801937.5560999997], [-166671.50950000063, 801881.6781000001], [-166656.6490000002, 801861.0535000004], [-166611.44830000028, 801834.8255000003], [-166561.56240000017, 801785.5971999997], [-166557.06269999966, 801752.4419], [-166654.98069999926, 801517.4538000003], [-166682.19239999913, 801411.0245000003], [-166683.48760000058, 801189.6222999999], [-166698.48169999942, 801054.9841999998], [-166689.9344999995, 800963.2138999999], [-166679.9707999993, 800952.8591999998], [-166668.24340000004, 800896.6726000002], [-166682.5580000002, 800802.7582999999], [-166750.96409999952, 800661.4117999999], [-166764.65479999967, 800603.1133000003], [-166735.40240000002, 800533.8799], [-166755.57509999909, 800394.2668000003], [-166837.28390000015, 800217.5237999996], [-166897.01029999927, 800137.1161000002], [-166945.85390000045, 800099.7841999996], [-167097.02569999918, 800013.3140000002], [-167190.13749999925, 799910.5758999996], [-167186.25269999914, 799841.8065999998], [-167196.79089999944, 799819.0780999996], [-167245.81120000035, 799771.5637999997]]], [[[-167548.4910000004, 806465.5311000003], [-167558.90839999914, 806450.4393999996], [-167612.24039999954, 806446.273], [-167700.64189999923, 806468.1714000003], [-167843.99640000053, 806539.3816999998], [-167909.97169999965, 806537.9746000003], [-167922.86429999955, 806525.4686000003], [-167927.5722000003, 806400.8251], [-167913.8970999997, 806311.4965000004], [-167910.8144000005, 806196.9062000001], [-167932.99420000054, 806087.8459000001], [-167935.4166000001, 805947.9007000001], [-167893.78360000066, 805715.5516999997], [-167889.99569999985, 805641.6743000001], [-167920.8867000006, 805469.1343], [-167927.60799999908, 805227.4445000002], [-167915.86070000008, 805173.7982000001], [-167908.34420000017, 805168.5729999999], [-167911.2343000006, 805148.2567999996], [-167889.45690000057, 805086.7921000002], [-167808.37659999914, 804935.2138999999], [-167809.4293000009, 804874.1474000001], [-167822.45800000057, 804854.0103000002], [-167920.37060000002, 804766.6265000002], [-167959.46440000087, 804706.2159000002], [-167962.3208000008, 804688.4389000004], [-168029.8808999993, 804595.4479999999], [-168032.9461000003, 804564.9468999999], [-168008.5521000009, 804508.5360000003], [-167919.2466000002, 804392.4513999997], [-167844.32269999944, 804324.9749999996], [-167789.67650000006, 804257.8573000003], [-167782.64189999923, 804224.6382999998], [-167795.7985999994, 804196.8848000001], [-167966.98790000007, 804126.0214999998], [-168010.8114, 804086.068], [-168047.15210000053, 804038.3356999997], [-168056.02630000003, 803964.6716999998], [-168048.80460000038, 803941.6522000004], [-167974.2740000002, 803851.2592000002], [-167947.62340000086, 803779.5477], [-167928.4372000005, 803715.5851999996], [-167871.87600000016, 803612.8037999999], [-167852.59530000016, 803553.9265999999], [-167843.34610000066, 803502.8678000001], [-167854.05650000088, 803469.9607999995], [-167897.86999999918, 803429.9922000002], [-167938.83359999955, 803407.8005999997], [-168089.03309999965, 803377.3140000002], [-168178.07890000008, 803337.3285999997], [-168253.65890000015, 803234.4347000001], [-168351.04629999958, 803053.0828999998], [-168426.97179999948, 802932.3905999996], [-168432.73790000007, 802896.8685999997], [-168443.18659999967, 802751.9938000003], [-168457.00679999962, 802693.7198999999], [-168507.26369999908, 802587.8076], [-168513.4383000005, 802531.9249999998], [-168449.14829999954, 802446.6878000004], [-168321.40890000015, 802362.7463999996], [-168256.7087999992, 802297.8494999995], [-168212.5036999993, 802223.1726000002], [-168200.8694000002, 802169.4941999996], [-168212.0061000008, 802118.8119999999], [-168204.98230000027, 801828.5077], [-168138.8434999995, 801707.5976999998], [-168121.27390000038, 801662.4287], [-168101.2511, 801646.8152999999], [-168094.00009999983, 801626.3211000003], [-168096.7974999994, 801611.1058], [-168122.20040000044, 801608.9971000003], [-168208.11869999953, 801538.4145999998], [-168287.70680000074, 801359.2646000003], [-168278.35989999957, 801318.3563000001], [-168253.69270000048, 801282.2446999997], [-168236.93909999914, 801231.0124000004], [-168238.08159999922, 801172.4989], [-168226.39240000024, 801121.3748000003], [-168201.9185000006, 801075.0795], [-168200.23750000075, 801031.7807], [-168245.03419999965, 800946.1151999999], [-168340.15130000003, 800881.7976000002], [-168366.27009999938, 800844.1202999996], [-168380.27969999984, 800775.6792000001], [-168375.8099000007, 800745.0488], [-168214.65220000036, 800683.3585000001], [-168189.73570000008, 800659.9698999999], [-168180.0337000005, 800636.8766000001], [-168173.67510000058, 800573.1169999996], [-168191.1146000009, 800458.9249999998], [-168228.7006000001, 800352.7599999998], [-168244.95800000057, 800299.6344999997]]], [[[-167119.31460000016, 813666.9568999996], 